<?xml version="1.0" encoding="UTF-8"?>
<addon id="plugin.video.furklibrary" version="1.0.8" name="Furk.net BitTorrent Proxy Lib (old)" provider-name="alicanlakot">
	<requires/>
	<extension point="xbmc.python.pluginsource"
	           library="default.py">
		<provides>video</provides>
	</extension>
	<extension point="xbmc.addon.metadata">
		<summary>
			Scrapes video torrents from 'My Files :: Finished' into your library. Check www.furk.net/text/mc for more info.
	   	</summary>
		<description>
This is not longer supported, please download Furk Library 2 from alicanlakot's library.
		</description>
		<platform>all</platform>
		<minversion>29000</minversion>
		<disclaimer>
			You must have a premium account (9 euros per month, 200GB limit) at www.furk.net for this addon to function.
		</disclaimer>
	</extension>
</addon>

