<window>
    <allowoverlay>no</allowoverlay>
    <zorder>1</zorder>

    <coordinates>
        <system>1</system>
        <posx>0</posx>
        <posy>0</posy>
    </coordinates>

    <controls>
        <control type="image">
            <posx>340</posx>
            <posy>100</posy>
            <width>600</width>
            <height>520</height>
            <description>Background</description>
            <texture border="15,15,15,15">pstvBorder.png</texture>
            <colordiffuse>FFFFFFFF</colordiffuse>
        </control>

        <control type="image">
            <posx>465</posx>
            <posy>125</posy>
            <width>350</width>
            <height>85</height>
            <texture border="2,2,2,2">pstvBorder2.png</texture>
            <colordiffuse>FFFFFFFF</colordiffuse>
        </control>

        <control type="label">
            <posx>340</posx>
            <posy>130</posy>
            <width>600</width>
            <height>40</height>
            <label>PseudoTV</label>
			<font>font24_title</font>
            <textcolor>FF000000</textcolor>
            <aligny>center</aligny>
            <align>center</align>
        </control>

        <control type="label">
            <posx>340</posx>
            <posy>170</posy>
            <width>600</width>
            <height>30</height>
            <label>Channel Configuration</label>
			<font>font13_title</font>
            <textcolor>FF000000</textcolor>
            <aligny>center</aligny>
            <align>center</align>
        </control>

        <control type="group" id="105">
            <posx>340</posx>
            <posy>220</posy>
            <width>600</width>
            <height>400</height>

            <control type="image">
                <posx>30</posx>
                <posy>0</posy>
                <width>515</width>
                <height>370</height>
                <texture border="2,2,2,2">pstvBorder2.png</texture>
                <colordiffuse>FFFFFFFF</colordiffuse>
            </control>

            <control type="label">
                <posx>40</posx>
                <posy>7</posy>
                <width>160</width>
                <height>30</height>
                <textcolor>FF000000</textcolor>
                <align>left</align>
                <label>Channel</label>
            </control>

            <control type="label">
                <posx>500</posx>
                <posy>7</posy>
                <width>100</width>
                <height>30</height>
                <textcolor>FF000000</textcolor>
                <align>right</align>
                <label>Content</label>
            </control>

            <control type="image">
                <posx>30</posx>
                <posy>37</posy>
                <width>515</width>
                <height>2</height>
                <texture>pstvSolid.png</texture>
                <colordiffuse>FF000000</colordiffuse>
            </control>

            <control type="scrollbar" id="103">
                <onup>103</onup>
                <ondown>103</ondown>
                <onleft>102</onleft>
                <onright>102</onright>
                <posx>45r</posx>
                <posy>5</posy>
                <width>25</width>
                <height>360</height>
                <visible>Control.IsVisible(102)</visible>
                <texturesliderbackground border="10,10,10,10">pstvScrollBar.png</texturesliderbackground>
                <texturesliderbar border="10,10,10,10">pstvScrollBarNofocus.png</texturesliderbar>
                <texturesliderbarfocus border="10,10,10,10">pstvScrollBarFocus.png</texturesliderbarfocus>
                <textureslidernib>pstvEmpty.png</textureslidernib>
                <textureslidernibfocus>pstvEmpty.png</textureslidernibfocus>
                <orientation>vertical</orientation>
            </control>

           <control type="list" id="102">
                <description>All channels list</description>
                <posx>30</posx>
                <posy>40</posy>
                <onup>102</onup>
                <ondown>102</ondown>
                <onright>103</onright>
                <onleft>103</onleft>
                <width>515</width>
                <height>325</height>
                <itemgap>10</itemgap>
                <pagecontrol>103</pagecontrol>

                <itemlayout width="515" height="30">
                    <control type="label">
                        <posx>40</posx>
                        <posy>0</posy>
                        <width>150</width>
                        <height>30</height>
                        <aligny>center</aligny>
                        <align>left</align>
                        <textcolor>FF000000</textcolor>
                        <info>ListItem.Label</info>
                    </control>

                    <control type="label">
                        <posx>500</posx>
                        <posy>0</posy>
                        <width>420</width>
                        <height>30</height>
                        <aligny>center</aligny>
                        <align>right</align>
                        <textcolor>FF000000</textcolor>
                        <info>ListItem.Label2</info>
                    </control>
                </itemlayout>

                <focusedlayout width="515" height="30">
                    <control type="image">
                        <posx>5</posx>
                        <posy>0</posy>
                        <width>505</width>
                        <height>30</height>
                        <texture>pstvSolid.png</texture>
                        <colordiffuse>FF000000</colordiffuse>
                    </control>

                    <control type="label">
                        <posx>40</posx>
                        <posy>0</posy>
                        <width>150</width>
                        <height>30</height>
                        <textcolor>FFFFFFFF</textcolor>
                        <aligny>center</aligny>
                        <align>left</align>
                        <info>ListItem.Label</info>
                    </control>

                    <control type="label">
                        <posx>500</posx>
                        <posy>0</posy>
                        <width>420</width>
                        <height>30</height>
                        <aligny>center</aligny>
                        <align>right</align>
                        <textcolor>FFFFFFFF</textcolor>
                        <info>ListItem.Label2</info>
                    </control>
                </focusedlayout>
            </control>
        </control>

        <!-- Controls for configuring a single channel -->
        <control type="group" id="106">
            <posx>340</posx>
            <posy>220</posy>
            <width>600</width>
            <height>400</height>

            <control type="label" id="104">
                <posx>0</posx>
                <posy>10</posy>
                <width>620</width>
                <height>30</height>
                <textcolor>FF000000</textcolor>
                <aligny>center</aligny>
                <align>center</align>
                <label></label>
            </control>

            <control type="image">
                <posx>0</posx>
                <posy>50</posy>
                <width>600</width>
                <height>2</height>
                <texture>pstvSolid.png</texture>
                <colordiffuse>FF000000</colordiffuse>
            </control>

            <control type="label">
                <posx>20</posx>
                <posy>60</posy>
                <width>200</width>
                <height>30</height>
                <textcolor>FF000000</textcolor>
                <aligny>center</aligny>
                <align>left</align>
                <label>Channel Type:</label>
            </control>

            <control type="label" id="109">
                <posx>480</posx>
                <posy>60</posy>
                <width>270</width>
                <height>30</height>
                <textcolor>FF000000</textcolor>
                <aligny>center</aligny>
                <align>right</align>
                <label></label>
            </control>

            <control type="button" id="110">
                <posx>500</posx>
                <posy>60</posy>
                <width>30</width>
                <height>30</height>
                <texturefocus>pstvDownFocus.png</texturefocus>
                <texturenofocus border="4,4,4,4">pstvDownNoFocus.png</texturenofocus>
                <onleft>111</onleft>
                <onright>111</onright>
            </control>

            <control type="button" id="111">
                <posx>540</posx>
                <posy>60</posy>
                <width>30</width>
                <height>30</height>
                <texturefocus>pstvUpFocus.png</texturefocus>
                <texturenofocus border="4,4,4,4">pstvUpNoFocus.png</texturenofocus>
                <onleft>110</onleft>
                <onright>110</onright>
            </control>
            
            <control type="button" id="114">
                <posx>60</posx>
                <posy>260</posy>
                <width>300</width>
                <height>30</height>
                <label>Advanced Channel Rules</label>
                <texturefocus>pstvButtonFocus.png</texturefocus>
                <texturenofocus border="2,2,2,2">pstvBorder2.png</texturenofocus>
                <textcolor>FF000000</textcolor>
                <onup>107</onup>
                <ondown>112</ondown>
                <align>center</align>
            </control>

            <control type="button" id="112">
                <posx>90</posx>
                <posy>320</posy>
                <width>120</width>
                <height>40</height>
                <label>Ok</label>
                <texturefocus>pstvButtonFocus.png</texturefocus>
                <texturenofocus border="2,2,2,2">pstvBorder2.png</texturenofocus>
                <textcolor>FF000000</textcolor>
                <onup>114</onup>
                <onleft>113</onleft>
                <onright>113</onright>
                <align>center</align>
            </control>

            <control type="button" id="113">
                <posx>390</posx>
                <posy>320</posy>
                <width>120</width>
                <height>40</height>
                <label>Cancel</label>
                <texturefocus>pstvButtonFocus.png</texturefocus>
                <texturenofocus border="2,2,2,2">pstvBorder2.png</texturenofocus>
                <textcolor>FF000000</textcolor>
                <onup>114</onup>
                <onleft>112</onleft>
                <onright>112</onright>
                <align>center</align>
            </control>
        </control>

        <control type="group" id="107">
            <!-- Controls for type Custom Playlist -->
            <control type="group" id="120">
                <posx>340</posx>
                <posy>220</posy>
                <width>600</width>
                <height>400</height>
    
                <control type="label">
                    <posx>60</posx>
                    <posy>100</posy>
                    <width>200</width>
                    <height>30</height>
                    <textcolor>FF000000</textcolor>
                    <label>Playlist:</label>
                    <aligny>center</aligny>
                    <align>left</align>
                </control>
    
                <control type="button" id="130">
                    <posx>210</posx>
                    <posy>100</posy>
                    <width>360</width>
                    <height>30</height>
                    <textcolor>FF000000</textcolor>
                    <onup>110</onup>
                    <ondown>114</ondown>
                </control>
            </control>
    
            <!-- Controls for type TV Network -->
            <control type="group" id="121">
                <posx>340</posx>
                <posy>220</posy>
                <width>600</width>
                <height>400</height>
    
                <control type="label">
                    <posx>60</posx>
                    <posy>100</posy>
                    <width>200</width>
                    <height>30</height>
                    <textcolor>FF000000</textcolor>
                    <label>Network:</label>
                    <aligny>center</aligny>
                    <align>left</align>
                </control>
    
                <control type="label" id="142">
                    <posx>480</posx>
                    <posy>100</posy>
                    <width>270</width>
                    <height>30</height>
                    <textcolor>FF000000</textcolor>
                    <aligny>center</aligny>
                    <align>right</align>
                    <label></label>
                </control>
    
                <control type="button" id="140">
                    <posx>500</posx>
                    <posy>100</posy>
                    <width>30</width>
                    <height>30</height>
                    <texturefocus>pstvDownFocus.png</texturefocus>
                    <texturenofocus border="4,4,4,4">pstvDownNoFocus.png</texturenofocus>
                    <onup>110</onup>
                    <ondown>114</ondown>
                    <onleft>141</onleft>
                    <onright>141</onright>
                </control>
    
                <control type="button" id="141">
                    <posx>540</posx>
                    <posy>100</posy>
                    <width>30</width>
                    <height>30</height>
                    <texturefocus>pstvUpFocus.png</texturefocus>
                    <texturenofocus border="4,4,4,4">pstvUpNoFocus.png</texturenofocus>
                    <onup>111</onup>
                    <ondown>113</ondown>
                    <onleft>140</onleft>
                    <onright>140</onright>
                </control>
            </control>
    
            <!-- Controls for type Movie Studio -->
            <control type="group" id="122">
                <posx>340</posx>
                <posy>220</posy>
                <width>600</width>
                <height>400</height>
    
                <control type="label">
                    <posx>60</posx>
                    <posy>100</posy>
                    <width>200</width>
                    <height>30</height>
                    <textcolor>FF000000</textcolor>
                    <label>Studio:</label>
                    <aligny>center</aligny>
                    <align>left</align>
                </control>
    
                <control type="label" id="152">
                    <posx>480</posx>
                    <posy>100</posy>
                    <width>270</width>
                    <height>30</height>
                    <textcolor>FF000000</textcolor>
                    <aligny>center</aligny>
                    <align>right</align>
                    <label></label>
                </control>
    
                <control type="button" id="150">
                    <posx>500</posx>
                    <posy>100</posy>
                    <width>30</width>
                    <height>30</height>
                    <texturefocus>pstvDownFocus.png</texturefocus>
                    <texturenofocus border="4,4,4,4">pstvDownNoFocus.png</texturenofocus>
                    <onup>110</onup>
                    <ondown>114</ondown>
                    <onleft>151</onleft>
                    <onright>151</onright>
                </control>
    
                <control type="button" id="151">
                    <posx>540</posx>
                    <posy>100</posy>
                    <width>30</width>
                    <height>30</height>
                    <texturefocus>pstvUpFocus.png</texturefocus>
                    <texturenofocus border="4,4,4,4">pstvUpNoFocus.png</texturenofocus>
                    <onup>111</onup>
                    <ondown>113</ondown>
                    <onleft>150</onleft>
                    <onright>150</onright>
                </control>
            </control>
    
            <!-- Controls for type TV Genre -->
            <control type="group" id="123">
                <posx>340</posx>
                <posy>220</posy>
                <width>600</width>
                <height>400</height>
    
                <control type="label">
                    <posx>60</posx>
                    <posy>100</posy>
                    <width>200</width>
                    <height>30</height>
                    <textcolor>FF000000</textcolor>
                    <label>Genre:</label>
                    <aligny>center</aligny>
                    <align>left</align>
                </control>
    
                <control type="label" id="162">
                    <posx>480</posx>
                    <posy>100</posy>
                    <width>270</width>
                    <height>30</height>
                    <textcolor>FF000000</textcolor>
                    <aligny>center</aligny>
                    <align>right</align>
                    <label></label>
                </control>
    
                <control type="button" id="160">
                    <posx>500</posx>
                    <posy>100</posy>
                    <width>30</width>
                    <height>30</height>
                    <texturefocus>pstvDownFocus.png</texturefocus>
                    <texturenofocus border="4,4,4,4">pstvDownNoFocus.png</texturenofocus>
                    <onup>110</onup>
                    <ondown>114</ondown>
                    <onleft>161</onleft>
                    <onright>161</onright>
                </control>
    
                <control type="button" id="161">
                    <posx>540</posx>
                    <posy>100</posy>
                    <width>30</width>
                    <height>30</height>
                    <texturefocus>pstvUpFocus.png</texturefocus>
                    <texturenofocus border="4,4,4,4">pstvUpNoFocus.png</texturenofocus>
                    <onup>111</onup>
                    <ondown>113</ondown>
                    <onleft>160</onleft>
                    <onright>160</onright>
                </control>
            </control>
    
            <!-- Controls for type Movie Genre -->
            <control type="group" id="124">
                <posx>340</posx>
                <posy>220</posy>
                <width>600</width>
                <height>400</height>
    
                <control type="label">
                    <posx>60</posx>
                    <posy>100</posy>
                    <width>200</width>
                    <height>30</height>
                    <textcolor>FF000000</textcolor>
                    <label>Genre:</label>
                    <aligny>center</aligny>
                    <align>left</align>
                </control>
    
                <control type="label" id="172">
                    <posx>480</posx>
                    <posy>100</posy>
                    <width>270</width>
                    <height>30</height>
                    <textcolor>FF000000</textcolor>
                    <aligny>center</aligny>
                    <align>right</align>
                    <label></label>
                </control>
    
                <control type="button" id="170">
                    <posx>500</posx>
                    <posy>100</posy>
                    <width>30</width>
                    <height>30</height>
                    <texturefocus>pstvDownFocus.png</texturefocus>
                    <texturenofocus border="4,4,4,4">pstvDownNoFocus.png</texturenofocus>
                    <onup>110</onup>
                    <ondown>114</ondown>
                    <onleft>171</onleft>
                    <onright>171</onright>
                </control>
    
                <control type="button" id="171">
                    <posx>540</posx>
                    <posy>100</posy>
                    <width>30</width>
                    <height>30</height>
                    <texturefocus>pstvUpFocus.png</texturefocus>
                    <texturenofocus border="4,4,4,4">pstvUpNoFocus.png</texturenofocus>
                    <onup>111</onup>
                    <ondown>113</ondown>
                    <onleft>170</onleft>
                    <onright>170</onright>
                </control>
            </control>
    
            <!-- Controls for type Mixed Genre -->
            <control type="group" id="125">
                <posx>340</posx>
                <posy>220</posy>
                <width>600</width>
                <height>400</height>
    
                <control type="label">
                    <posx>60</posx>
                    <posy>100</posy>
                    <width>200</width>
                    <height>30</height>
                    <textcolor>FF000000</textcolor>
                    <label>Genre:</label>
                    <aligny>center</aligny>
                    <align>left</align>
                </control>
    
                <control type="label" id="182">
                    <posx>480</posx>
                    <posy>100</posy>
                    <width>270</width>
                    <height>30</height>
                    <textcolor>FF000000</textcolor>
                    <aligny>center</aligny>
                    <align>right</align>
                    <label></label>
                </control>
    
                <control type="button" id="180">
                    <posx>500</posx>
                    <posy>100</posy>
                    <width>30</width>
                    <height>30</height>
                    <texturefocus>pstvDownFocus.png</texturefocus>
                    <texturenofocus border="4,4,4,4">pstvDownNoFocus.png</texturenofocus>
                    <onup>110</onup>
                    <ondown>114</ondown>
                    <onleft>181</onleft>
                    <onright>181</onright>
                </control>
    
                <control type="button" id="181">
                    <posx>540</posx>
                    <posy>100</posy>
                    <width>30</width>
                    <height>30</height>
                    <texturefocus>pstvUpFocus.png</texturefocus>
                    <texturenofocus border="4,4,4,4">pstvUpNoFocus.png</texturenofocus>
                    <onup>111</onup>
                    <ondown>113</ondown>
                    <onleft>180</onleft>
                    <onright>180</onright>
                </control>
            </control>
    
            <!-- Controls for type TV Show -->
            <control type="group" id="126">
                <posx>340</posx>
                <posy>220</posy>
                <width>600</width>
                <height>400</height>
    
                <control type="label">
                    <posx>60</posx>
                    <posy>100</posy>
                    <width>200</width>
                    <height>30</height>
                    <textcolor>FF000000</textcolor>
                    <label>Show:</label>
                    <aligny>center</aligny>
                    <align>left</align>
                </control>
    
                <control type="label" id="192">
                    <posx>480</posx>
                    <posy>100</posy>
                    <width>270</width>
                    <height>30</height>
                    <textcolor>FF000000</textcolor>
                    <aligny>center</aligny>
                    <align>right</align>
                    <label></label>
                </control>
    
                <control type="button" id="190">
                    <posx>500</posx>
                    <posy>100</posy>
                    <width>30</width>
                    <height>30</height>
                    <texturefocus>pstvDownFocus.png</texturefocus>
                    <texturenofocus border="4,4,4,4">pstvDownNoFocus.png</texturenofocus>
                    <onup>110</onup>
                    <ondown>194</ondown>
                    <onleft>191</onleft>
                    <onright>191</onright>
                </control>
    
                <control type="button" id="191">
                    <posx>540</posx>
                    <posy>100</posy>
                    <width>30</width>
                    <height>30</height>
                    <texturefocus>pstvUpFocus.png</texturefocus>
                    <texturenofocus border="4,4,4,4">pstvUpNoFocus.png</texturenofocus>
                    <onup>111</onup>
                    <ondown>194</ondown>
                    <onleft>190</onleft>
                    <onright>190</onright>
                </control>
    
                <control type="label">
                    <posx>60</posx>
                    <posy>140</posy>
                    <width>200</width>
                    <height>30</height>
                    <textcolor>FF000000</textcolor>
                    <label>Show in Order:</label>
                    <aligny>center</aligny>
                    <align>left</align>
                </control>
    
                <control type="radiobutton" id="194">
                    <posx>515</posx>
                    <posy>140</posy>
                    <width>40</width>
                    <height>30</height>
                    <label></label>
                    <onup>190</onup>
                    <ondown>114</ondown>
                </control>
            </control>
    
            <!-- Controls for type Directory -->
            <control type="group" id="127">
                <posx>340</posx>
                <posy>220</posy>
                <width>600</width>
                <height>400</height>
    
                <control type="label">
                    <posx>60</posx>
                    <posy>100</posy>
                    <width>200</width>
                    <height>30</height>
                    <textcolor>FF000000</textcolor>
                    <label>Directory:</label>
                    <aligny>center</aligny>
                    <align>left</align>
                </control>
    
                <control type="button" id="200">
                    <posx>210</posx>
                    <posy>100</posy>
                    <width>360</width>
                    <height>30</height>
                    <textcolor>FF000000</textcolor>
                    <onup>110</onup>
                    <ondown>114</ondown>
                </control>
            </control>
        </control>
    </controls>
</window>
