<window>
    <allowoverlay>no</allowoverlay>
    <zorder>1</zorder>
    <defaultcontrol>120</defaultcontrol>
    <animation effect="fade" time="200" start="0" end="100">WindowOpen</animation>
    <animation effect="fade" time="200" start="100" end="0">WindowClose</animation>
    <coordinates>       
        <posx>0</posx>
        <posy>0</posy>
    </coordinates>
    <controls>
        <control type="image">
            <posx>165</posx>
            <posy>35</posy>
            <width>950</width>
			<height>660</height>
            <description>Background</description>
            <texture>frames/Menu_Glass2c.png</texture>
        </control>		
        <control type="label">
            <posx>165</posx>
			<posy>95</posy>
			<width>950</width>
			<height>40</height>
			<align>center</align>
			<font>METF_TitleTextLarge</font>
			<textcolor>SettingsTitle</textcolor>
            <label>Channel Rules</label>
        </control>

        <control type="group" id="105">
            <posx>230</posx>
            <posy>130</posy>
            <width>950</width>
            <height>600</height>

            <control type="group" id="104">
                <control type="button" id="120">
                    <description>Rule Entry 1</description>
                    <posx>0</posx>
                    <posy>40</posy>
                    <textcolor>white</textcolor>
                    <ondown>121</ondown>
                    <width>815</width>
                    <height>35</height>
					<texturefocus border="50,0,50,0">pstvButtonFocus.png</texturefocus>
					<texturenofocus border="3">list/listfocus.png</texturenofocus>
                    <visible allowhiddenfocus="true">Control.HasFocus(120) | ![StringCompare(Window.Property(itempress),120) | StringCompare(Window.Property(itempress),121) | StringCompare(Window.Property(itempress),122) | StringCompare(Window.Property(itempress),123) | StringCompare(Window.Property(itempress),124) | StringCompare(Window.Property(itempress),125) | StringCompare(Window.Property(itempress),126)]</visible>
                    <onclick>SetProperty(itempress,120)</onclick>
                    <onclick>SetFocus(130)</onclick>
                </control>

                <control type="button" id="121">
                    <description>Rule Entry 2</description>
                    <posx>0</posx>
                    <posy>80</posy>
                    <textcolor>white</textcolor>
                    <onup>120</onup>
                    <ondown>122</ondown>
                    <width>815</width>
                    <height>35</height>
					<texturefocus border="50,0,50,0">pstvButtonFocus.png</texturefocus>
					<texturenofocus border="3">list/listfocus.png</texturenofocus>
                    <visible>![StringCompare(Window.Property(itempress),120) | StringCompare(Window.Property(itempress),121) | StringCompare(Window.Property(itempress),122) | StringCompare(Window.Property(itempress),123) | StringCompare(Window.Property(itempress),124) | StringCompare(Window.Property(itempress),125) | StringCompare(Window.Property(itempress),126)]</visible>
                    <onclick>SetProperty(itempress,121)</onclick>
                    <onclick>SetFocus(130)</onclick>
                </control>

                <control type="button" id="122">
                    <description>Rule Entry 3</description>
                    <posx>0</posx>
                    <posy>120</posy>
                    <textcolor>white</textcolor>
                    <onup>121</onup>
                    <ondown>123</ondown>
                    <width>815</width>
                    <height>35</height>
					<texturefocus border="50,0,50,0">pstvButtonFocus.png</texturefocus>
					<texturenofocus border="3">list/listfocus.png</texturenofocus>
                    <visible>![StringCompare(Window.Property(itempress),120) | StringCompare(Window.Property(itempress),121) | StringCompare(Window.Property(itempress),122) | StringCompare(Window.Property(itempress),123) | StringCompare(Window.Property(itempress),124) | StringCompare(Window.Property(itempress),125) | StringCompare(Window.Property(itempress),126)]</visible>
                    <onclick>SetProperty(itempress,122)</onclick>
                    <onclick>SetFocus(130)</onclick>
                </control>

                <control type="button" id="123">
                    <description>Rule Entry 4</description>
                    <posx>0</posx>
                    <posy>160</posy>
                    <textcolor>white</textcolor>
                    <onup>122</onup>
                    <ondown>124</ondown>
                    <width>815</width>
                    <height>35</height>
					<texturefocus border="50,0,50,0">pstvButtonFocus.png</texturefocus>
					<texturenofocus border="3">list/listfocus.png</texturenofocus>
                    <visible>![StringCompare(Window.Property(itempress),120) | StringCompare(Window.Property(itempress),121) | StringCompare(Window.Property(itempress),122) | StringCompare(Window.Property(itempress),123) | StringCompare(Window.Property(itempress),124) | StringCompare(Window.Property(itempress),125) | StringCompare(Window.Property(itempress),126)]</visible>
                    <onclick>SetProperty(itempress,123)</onclick>
                    <onclick>SetFocus(130)</onclick>
                </control>

                <control type="button" id="124">
                    <description>Rule Entry 5</description>
                    <posx>0</posx>
                    <posy>200</posy>
                    <textcolor>white</textcolor>
                    <onup>123</onup>
                    <ondown>125</ondown>
                    <width>815</width>
                    <height>35</height>
					<texturefocus border="50,0,50,0">pstvButtonFocus.png</texturefocus>
					<texturenofocus border="3">list/listfocus.png</texturenofocus>
                    <visible>![StringCompare(Window.Property(itempress),120) | StringCompare(Window.Property(itempress),121) | StringCompare(Window.Property(itempress),122) | StringCompare(Window.Property(itempress),123) | StringCompare(Window.Property(itempress),124) | StringCompare(Window.Property(itempress),125) | StringCompare(Window.Property(itempress),126)]</visible>
                    <onclick>SetProperty(itempress,124)</onclick>
                    <onclick>SetFocus(130)</onclick>
                </control>

                <control type="button" id="125">
                    <description>Rule Entry 6</description>
                    <posx>0</posx>
                    <posy>240</posy>
                    <textcolor>white</textcolor>
                    <onup>124</onup>
                    <ondown>126</ondown>
                    <width>815</width>
                    <height>35</height>
					<texturefocus border="50,0,50,0">pstvButtonFocus.png</texturefocus>
					<texturenofocus border="3">list/listfocus.png</texturenofocus>
                    <visible>![StringCompare(Window.Property(itempress),120) | StringCompare(Window.Property(itempress),121) | StringCompare(Window.Property(itempress),122) | StringCompare(Window.Property(itempress),123) | StringCompare(Window.Property(itempress),124) | StringCompare(Window.Property(itempress),125) | StringCompare(Window.Property(itempress),126)]</visible>
                    <onclick>SetProperty(itempress,125)</onclick>
                    <onclick>SetFocus(130)</onclick>
                </control>

                <control type="button" id="126">
                    <description>Rule Entry 7</description>
                    <posx>0</posx>
                    <posy>280</posy>
                    <textcolor>white</textcolor>
                    <onup>125</onup>
                    <width>815</width>
                    <height>35</height>
					<texturefocus border="50,0,50,0">pstvButtonFocus.png</texturefocus>
					<texturenofocus border="3">list/listfocus.png</texturenofocus>
                    <visible>![StringCompare(Window.Property(itempress),120) | StringCompare(Window.Property(itempress),121) | StringCompare(Window.Property(itempress),122) | StringCompare(Window.Property(itempress),123) | StringCompare(Window.Property(itempress),124) | StringCompare(Window.Property(itempress),125) | StringCompare(Window.Property(itempress),126)]</visible>
                    <onclick>SetProperty(itempress,126)</onclick>
                    <onclick>SetFocus(130)</onclick>
                </control>

                <control type="button" id="130">
                    <description>Rule for editing</description>
                    <posx>0</posx>
                    <posy>40</posy>
                    <textcolor>white</textcolor>
                    <ondown>102</ondown>
                    <width>815</width>
                    <height>35</height>
					<texturefocus border="50,0,50,0">pstvButtonFocus.png</texturefocus>
					<texturenofocus border="3">list/listfocus.png</texturenofocus>
                    <onclick>SetProperty(itempress,100)</onclick>
                    <onclick>SetFocus(120)</onclick>
                    <visible allowhiddenfocus="true">Control.HasFocus(130) | StringCompare(Window.Property(itempress),120) | StringCompare(Window.Property(itempress),121) | StringCompare(Window.Property(itempress),122) | StringCompare(Window.Property(itempress),123) | StringCompare(Window.Property(itempress),124) | StringCompare(Window.Property(itempress),125) | StringCompare(Window.Property(itempress),126)</visible>

                    <animation condition="StringCompare(Window.Property(itempress),121)" reversible="false">
                        <effect type="slide" start="0,35" time="500" />
                    </animation>

                    <animation condition="StringCompare(Window.Property(itempress),122)" reversible="false">
                        <effect type="slide" start="0,70" time="500" />
                    </animation>

                    <animation condition="StringCompare(Window.Property(itempress),123)" reversible="false">
                        <effect type="slide" start="0,105" time="500" />
                    </animation>

                    <animation condition="StringCompare(Window.Property(itempress),124)" reversible="false">
                        <effect type="slide" start="0,140" time="500" />
                    </animation>

                    <animation condition="StringCompare(Window.Property(itempress),125)" reversible="false">
                        <effect type="slide" start="0,175" time="500" />
                    </animation>

                    <animation condition="StringCompare(Window.Property(itempress),126)" reversible="false">
                        <effect type="slide" start="0,210" time="500" />
                    </animation>
                </control>

                <control type="group" id="102">
                    <description>Controls for editing</description>
                    <posx>0</posx>
                    <posy>85</posy>
                    <width>950</width>
                    <height>600</height>
                    <visible>StringCompare(Window.Property(itempress),120) | StringCompare(Window.Property(itempress),121) | StringCompare(Window.Property(itempress),122) | StringCompare(Window.Property(itempress),123) | StringCompare(Window.Property(itempress),124) | StringCompare(Window.Property(itempress),125) | StringCompare(Window.Property(itempress),126)</visible>

                    <animation condition="StringCompare(Window.Property(itempress),120)" reversible="false">
                        <effect type="slide" start="0,30" time="500" />
                        <effect type="zoom" start="100,0" time="500" />
                    </animation>

                    <animation condition="StringCompare(Window.Property(itempress),121)" reversible="false">
                        <effect type="slide" start="0,65" time="500" />
                        <effect type="zoom" start="100,0" time="500" />
                    </animation>

                    <animation condition="StringCompare(Window.Property(itempress),122)" reversible="false">
                        <effect type="slide" start="0,100" time="500" />
                        <effect type="zoom" start="100,0" time="500" />
                    </animation>

                    <animation condition="StringCompare(Window.Property(itempress),123)" reversible="false">
                        <effect type="slide" start="0,135" time="500" />
                        <effect type="zoom" start="100,0" time="500" />
                    </animation>

                    <animation condition="StringCompare(Window.Property(itempress),124)" reversible="false">
                        <effect type="slide" start="0,170" time="500" />
                        <effect type="zoom" start="100,0" time="500" />
                    </animation>

                    <animation condition="StringCompare(Window.Property(itempress),125)" reversible="false">
                        <effect type="slide" start="0,205" time="500" />
                        <effect type="zoom" start="100,0" time="500" />
                    </animation>

                    <animation condition="StringCompare(Window.Property(itempress),126)" reversible="false">
                        <effect type="slide" start="0,240" time="500" />
                        <effect type="zoom" start="100,0" time="500" />
                    </animation>
                    <control type="button" id="131">
                        <posx>0</posx>
                        <posy>10</posy>
                        <width>815</width>
                        <height>35</height>
						<texturefocus border="50,0,50,0">pstvButtonFocus.png</texturefocus>
						<texturenofocus border="3">list/listfocus.png</texturenofocus>
                        <align>center</align>
                        <textcolor>white</textcolor>
                        <onup>130</onup>
                        <ondown>160</ondown>
                    </control>

                    <control type="label" id="150">
                        <posx>0</posx>
                        <posy>60</posy>
                        <width>320</width>
                        <height>30</height>
                        <align>left</align>
						<font>METF_ContextValue</font>
                        <textcolor>SettingsTitle</textcolor>
                    </control>

                    <control type="label" id="151">
                        <posx>330</posx>
                        <posy>60</posy>
                        <width>310</width>
                        <height>30</height>
                        <align>left</align>
						<font>METF_ContextValue</font>
                        <textcolor>SettingsTitle</textcolor>
                    </control>


                    <control type="label" id="152">
                        <posx>0</posx>
                        <posy>140</posy>
                        <width>320</width>
                        <height>30</height>
                        <align>left</align>
						<font>METF_ContextValue</font>
                        <textcolor>SettingsTitle</textcolor>
                    </control>

                    <control type="label" id="153">
                        <posx>330</posx>
                        <posy>140</posy>
                        <width>320</width>
                        <height>30</height>
                        <align>left</align>
						<font>METF_ContextValue</font>
                        <textcolor>SettingsTitle</textcolor>
                    </control>

                    <control type="button" id="160">
                        <posx>0</posx>
                        <posy>90</posy>
                        <width>310</width>
                        <height>35</height>
						<texturefocus border="50,0,50,0">pstvButtonFocus.png</texturefocus>
						<texturenofocus border="3">list/listfocus.png</texturenofocus>
                        <align>center</align>
                        <onup>131</onup>
                        <ondown>162</ondown>
                        <onright>161</onright>
                        <textcolor>white</textcolor>
                    </control>

                    <control type="button" id="161">
                        <posx>330</posx>
                        <posy>90</posy>
                        <width>310</width>
                        <height>35</height>
						<texturefocus border="50,0,50,0">pstvButtonFocus.png</texturefocus>
						<texturenofocus border="3">list/listfocus.png</texturenofocus>
                        <align>center</align>
                        <onup>131</onup>
                        <ondown>163</ondown>
                        <onleft>160</onleft>
                        <onright>162</onright>
                        <textcolor>white</textcolor>
                    </control>

                    <control type="button" id="162">
                        <posx>0</posx>
                        <posy>170</posy>
                        <width>310</width>
                        <height>35</height>
						<texturefocus border="50,0,50,0">pstvButtonFocus.png</texturefocus>
						<texturenofocus border="3">list/listfocus.png</texturenofocus>
                        <align>center</align>
                        <onup>160</onup>
                        <onright>163</onright>
                        <onleft>161</onleft>
                        <textcolor>white</textcolor>
                    </control>

                    <control type="button" id="163">
                        <posx>330</posx>
                        <posy>170</posy>
                        <width>310</width>
                        <height>35</height>
						<texturefocus border="50,0,50,0">pstvButtonFocus.png</texturefocus>
						<texturenofocus border="3">list/listfocus.png</texturenofocus>
                        <align>center</align>
                        <onup>161</onup>
                        <onleft>162</onleft>
                        <textcolor>white</textcolor>
                    </control>
                </control>
            </control>
        </control>
    </controls>
</window>
