﻿<?xml version="1.0" encoding="UTF-8" standalone="yes"?>
<addon	id="repository.alicanlakot.addons"
		name="alicanlakot's repo"
		version="1.0.1"
		provider-name="alicanlakot">
	<extension	point="xbmc.addon.repository"
				name="alicanlakot's repo">
		<info compressed="false">https://github.com/alicanlakot/alicanlakot-s-xbmc-plugins/raw/master/addons.xml</info>
		<checksum>https://github.com/alicanlakot/alicanlakot-s-xbmc-plugins/raw/master/addons.xml</checksum>
		<datadir zip="true">https://github.com/alicanlakot/alicanlakot-s-xbmc-plugins/raw/master/repo/</datadir>
	</extension>
	<extension point="xbmc.addon.metadata">
		<summary>Install alicanlakot's repo</summary>
		<description>Download and install alicanlakot's repo</description>
		<disclaimer></disclaimer>
		<platform>all</platform>
	</extension>
</addon>