<window>
    <allowoverlay>no</allowoverlay>

    <coordinates>
        <system>1</system>
        <posx>0</posx>
        <posy>0</posy>
    </coordinates>

    <animation type="WindowOpen" reversible="true">
        <effect type="zoom" start="500" end="100" center="640,360" time="200" />
        <effect type="fade" start="0" end="100" time="200" />
    </animation>

    <animation type="WindowClose" reversible="false">
        <effect type="zoom" start="100" end="300" center="640,360" easing="in" tween="back" time="300" />
        <effect type="fade" start="100" end="0" time="300" />
    </animation>

    <controls>
        <control type="image">
            <description>Info Background</description>
            <posx>0</posx>
            <posy>0</posy>
            <width>1280</width>
            <height>720</height>
            <texture>pstvBackground.png</texture>
        </control>

		<control type="grouplist">
			<posx>320</posx>
			<posy>580</posy>
			<width>835</width>
			<height>40</height>
			<orientation>horizontal</orientation>
			<itemgap>10</itemgap>
        
			<control type="label" id="500">
				<description>Show Name Label</description>
				<width min="40" max="600">auto</width>
				<height>40</height>
				<label>Show Name</label>
				<font>font12</font>
				<align>left</align>
				<textcolor>FFFFFFFF</textcolor>
			</control>
			
			<control type="label">
				<description>Show Name Label</description>
				<width>10</width>
				<height>40</height>
				<label>�</label>
				<font>font12</font>
				<align>left</align>
				<textcolor>FFFFFFFF</textcolor>
			</control>

			<control type="label" id="501">
				<description>Show Title Label</description>
				<width min="40" max="300">auto</width>
				<height>40</height>
				<label>Show Title</label>
				<font>font12</font>
				<align>left</align>
				<textcolor>FFFFFFFF</textcolor>
			</control>
		</control>
		
        <control type="label" id="502">
            <description>Show Description Label</description>
            <posx>320</posx>
            <posy>610</posy>
            <width>835</width>
            <height>30</height>
            <label>Show Description</label>
            <font>font12</font>
            <align>left</align>
			<aligny>top</aligny>
            <textcolor>FFFFFFFF</textcolor>
            <wrapmultiline>true</wrapmultiline>
        </control>
		
		<control type="image" id="503">
            <description>Show Channel Icon</description>
            <posx>125</posx>
            <posy>560</posy>
            <width>175</width>
            <height>100</height>
			<aspectratio>scale</aspectratio>
			<aligny>top</aligny>
        </control>
		
        <control type="label" id="101">
            <description>Time 1 Label</description>
            <posx>375</posx>
            <posy>172</posy>
            <width>270</width>
            <height>26</height>
            <label>Time 1</label>
            <font>font12</font>
            <align>left</align>
			<aligny>center</aligny>
            <textcolor>FFFFFFFF</textcolor>
        </control>

        <control type="label" id="102">
            <description>Time 2 Label</description>
            <posx>645</posx>
            <posy>172</posy>
            <width>270</width>
            <height>26</height>
            <label>Time 2</label>
            <font>font12</font>
            <align>left</align>
			<aligny>center</aligny>
            <textcolor>FFFFFFFF</textcolor>
        </control>

        <control type="label" id="103">
            <description>Time 3 Label</description>
            <posx>915</posx>
			<posy>172</posy>
            <width>270</width>
            <height>26</height>
            <label>Time 2</label>
            <font>font12</font>
            <align>left</align>
			<aligny>center</aligny>
            <textcolor>FFFFFFFF</textcolor>
        </control>
		
		<control type="label" id="104">
            <description>Date Label</description>
            <posx>375</posx>
            <posy>498</posy>
            <width>312</width>
            <height>26</height>
            <label>Current Date</label>
            <font>font12</font>
            <align>left</align>
			<aligny>center</aligny>
            <textcolor>FFFFFFFF</textcolor>
        </control>

		<!--SHOW LISTINGS-->
		
        <control type="group" id="111">
            <posx>360</posx>
            <posy>204</posy>
            <width>810</width>
            <height>42</height>
        </control>

        <control type="group" id="112">
            <posx>360</posx>
            <posy>254</posy>
            <width>810</width>
            <height>42</height>
        </control>

        <control type="group" id="113">
            <posx>360</posx>
            <posy>304</posy>
            <width>810</width>
            <height>42</height>
        </control>

        <control type="group" id="114">
            <posx>360</posx>
            <posy>354</posy>
            <width>810</width>
            <height>42</height>
        </control>

        <control type="group" id="115">
            <posx>360</posx>
            <posy>404</posy>
            <width>810</width>
            <height>42</height>
        </control>
        
        <control type="group" id="116">
            <posx>360</posx>
            <posy>454</posy>
            <width>810</width>
            <height>42</height>
        </control>
		
		<control type="image" id="120">
            <posx>360</posx>
            <posy>180</posy>
            <width>20</width>
            <height>330</height>
        </control>

		<!--CHANNEL BUTTONS AND LABELS-->
		
        <control type="label" id="301">
            <description>Channel 1 Name</description>
            <posx>160</posx>
            <posy>204</posy>
            <width>200</width>
            <height>42</height>
            <label>Channel</label>
            <font>font13</font>
            <align>left</align>
            <aligny>center</aligny>
            <textcolor>FFFFFFFF</textcolor>
        </control>

        <control type="label" id="311">
            <description>Channel 1 Number</description>
            <posx>150</posx>
            <posy>204</posy>
            <width>30</width>
            <height>42</height>
            <label>1</label>
            <font>font13</font>
            <align>right</align>
            <aligny>center</aligny>
            <textcolor>FFFFFFFF</textcolor>
        </control>

        <!--<control type="image" id="321">
            <description>Channel 1 Icon</description>
            <posx>4</posx>
            <posy>204</posy>
            <width>30</width>
            <height>30</height>
            <texture></texture>
            <colordiffuse>FFFFFFFF</colordiffuse>
        </control>-->

        <control type="label" id="302">
            <description>Channel 2 Name</description>
            <posx>160</posx>
            <posy>254</posy>
            <width>200</width>
            <height>42</height>
            <label>Channel</label>
            <font>font13</font>
            <align>left</align>
            <aligny>center</aligny>
            <textcolor>FFFFFFFF</textcolor>
        </control>

        <control type="label" id="312">
            <description>Channel 2 Number</description>
            <posx>150</posx>
            <posy>254</posy>
            <width>30</width>
            <height>42</height>
            <label>2</label>
            <font>font13</font>
            <align>right</align>
            <aligny>center</aligny>
            <textcolor>FFFFFFFF</textcolor>
        </control>

        <!--<control type="image" id="322">
            <description>Channel 2 Icon</description>
            <posx>4</posx>
            <posy>368</posy>
            <width>74</width>
            <height>74</height>
            <texture></texture>
            <colordiffuse>FFFFFFFF</colordiffuse>
        </control>-->

        <control type="label" id="303">
            <description>Channel 3 Name</description>
            <posx>160</posx>
            <posy>304</posy>
            <width>200</width>
            <height>42</height>
            <label>Channel</label>
            <font>font13</font>
            <align>left</align>
            <aligny>center</aligny>
            <textcolor>FFFFFFFF</textcolor>
        </control>

        <control type="label" id="313">
            <description>Channel 3 Number</description>
            <posx>150</posx>
            <posy>304</posy>
            <width>30</width>
            <height>42</height>
            <label>3</label>
            <font>font13</font>
            <align>right</align>
            <aligny>center</aligny>
            <textcolor>FFFFFFFF</textcolor>
        </control>

        <!--<control type="image" id="323">
            <description>Channel 3 Icon</description>
            <posx>4</posx>
            <posy>448</posy>
            <width>74</width>
            <height>74</height>
            <texture></texture>
            <colordiffuse>FFFFFFFF</colordiffuse>
        </control>-->

        <control type="label" id="304">
            <description>Channel 4 Name</description>
            <posx>160</posx>
            <posy>354</posy>
            <width>200</width>
            <height>42</height>
            <label>Channel</label>
            <font>font13</font>
            <align>left</align>
            <aligny>center</aligny>
            <textcolor>FFFFFFFF</textcolor>
        </control>

        <control type="label" id="314">
            <description>Channel 4 Number</description>
            <posx>150</posx>
            <posy>354</posy>
            <width>30</width>
            <height>42</height>
            <label>4</label>
            <font>font13</font>
            <align>right</align>
            <aligny>center</aligny>
            <textcolor>FFFFFFFF</textcolor>
        </control>

        <!--<control type="image" id="324">
            <description>Channel 4 Icon</description>
            <posx>4</posx>
            <posy>528</posy>
            <width>74</width>
            <height>74</height>
            <texture></texture>
            <colordiffuse>FFFFFFFF</colordiffuse>
        </control>-->

        <control type="label" id="305">
            <description>Channel 5 Name</description>
			<posx>160</posx>
            <posy>404</posy>
            <width>200</width>
            <height>42</height>
            <label>Channel</label>
            <font>font13</font>
            <align>left</align>
            <aligny>center</aligny>
            <textcolor>FFFFFFFF</textcolor>
        </control>

        <control type="label" id="315">
            <description>Channel 5 Number</description>
            <posx>150</posx>
            <posy>404</posy>
            <width>30</width>
            <height>42</height>
            <label>5</label>
            <font>font13</font>
            <align>right</align>
            <aligny>center</aligny>
            <textcolor>FFFFFFFF</textcolor>
        </control>

        <!--<control type="image" id="325">
            <description>Channel 5 Icon</description>
            <posx>4</posx>
            <posy>608</posy>
            <width>74</width>
            <height>74</height>
            <texture></texture>
            <colordiffuse>FFFFFFFF</colordiffuse>
        </control>-->
		
		<control type="label" id="306">
            <description>Channel 6 Name</description>
            <posx>160</posx>
            <posy>454</posy>
            <width>200</width>
            <height>42</height>
            <label>Channel</label>
            <font>font13</font>
            <align>left</align>
            <aligny>center</aligny>
            <textcolor>FFFFFFFF</textcolor>
        </control>

        <control type="label" id="316">
            <description>Channel 6 Number</description>
            <posx>150</posx>
            <posy>454</posy>
            <width>30</width>
            <height>42</height>
            <label>6</label>
            <font>font13</font>
            <align>right</align>
            <aligny>center</aligny>
            <textcolor>FFFFFFFF</textcolor>
        </control>

        <!--<control type="image" id="326">
            <description>Channel 6 Icon</description>
            <posx>4</posx>
            <posy>608</posy>
            <width>74</width>
            <height>74</height>
            <texture></texture>
            <colordiffuse>FFFFFFFF</colordiffuse>
        </control>-->
    </controls>
</window>
