<?xml version="1.0" encoding="UTF-8"?>
<addon id="plugin.video.furklibraryx" version="1.2.0" name="Furk.net Library 2" provider-name="alicanlakot">
	<requires>
		<import addon="script.module.beautifulsoup" version="3.0.8"/>
		<import addon="xbmc.python" version="2.0"/>
	</requires>
	<extension point="xbmc.python.pluginsource"
	           library="default.py">
		<provides>video</provides>
	</extension>
	<extension point="xbmc.service"
             library="service.py" start="[login|startup]">
  </extension>
	<extension point="xbmc.addon.metadata">
		<summary>
			Does a lot of things with furk and trakt :)
	   	</summary>
		<description>
Furk.net is a free file hosting with one special feature - a BitTorrent proxy. 
You can use Furk.net as a remote fully automatated BitTorrent client. Torrents can be added by .torrent files, links to them, info_hashes or even RSS feeds such as EZTV. When torrent is ready - you get direct http links and files are added into listing in this plugin. If you use RSS feeds everything is fully automated for you.

Furk.net has developed extended content verification. For every video torrent you get 9 screenshots (thumbnails and full-size), 2 audio samples for each audio stream, detailed codec info and antivirus check (by Kaspersky). Fakes are contantly detected by various filters and either are removed or marked with a warning.
		</description>
		<platform>all</platform>
		<minversion>29000</minversion>
		<disclaimer>
			You must have a premium account (9 euros per month, 200GB limit) at www.furk.net for this addon to function.
		</disclaimer>
	</extension>
</addon>

