<window>
    <allowoverlay>no</allowoverlay>

    <coordinates>
        <system>1</system>
        <posx>0</posx>
        <posy>0</posy>
    </coordinates>

    <include>Window_OpenClose_Animation</include>

    <controls>
		<!--BACKGROUND-->
		
		<control type="image">
			<posx>65</posx>
			<posy>65</posy>
			<width>1150</width>
			<height>585</height>
			<texture border="10">Dialogback.png</texture>
		</control>
	
        <!--CHANNEL BUTTONS AND LABELS-->
		
		<control type="group">
			<posx>100</posx>
			<posy>100</posy>
			<width>300</width>
			<height>500</height>
			
			<!--CHANNEL HEADER-->
			
			<control type="image">
				<description>Channel Header</description>
				<posx>0</posx>
				<posy>0</posy>
				<width>300</width>
				<height>40</height>
				<texture border="5">pstvHeader.png</texture>
			</control>
			
			<control type="label" id="104">
				<description>Date Label</description>
				<posx>60</posx>
				<posy>0</posy>
				<width>300</width>
				<height>40</height>
				<label>Current Date</label>
				<font>font12_title</font>
				<align>left</align>
				<aligny>center</aligny>
				<textcolor>blue</textcolor>
			</control>
			
			<!--CHANNEL 1-->
			
			<control type="image">
				<description>Channel 1 Back</description>
				<posx>0</posx>
				<posy>40</posy>
				<width>300</width>
				<height>40</height>
				<texture border="5">button-nofocus.png</texture>
			</control>
			
			<control type="label" id="301">
				<description>Channel 1 Name</description>
				<posx>60</posx>
				<posy>40</posy>
				<width>220</width>
				<height>40</height>
				<label>Channel</label>
				<font>special12</font>
				<align>left</align>
				<aligny>center</aligny>
				<textcolor>blue</textcolor>
			</control>
			
			<control type="label" id="311">
				<description>Channel 1 Number</description>
				<posx>40</posx>
				<posy>40</posy>
				<width>30</width>
				<height>40</height>
				<label>1</label>
				<font>font11</font>
				<align>right</align>
				<aligny>center</aligny>
				<textcolor>blue</textcolor>
			</control>

			<control type="image" id="321">
				<description>Channel 1 Icon</description>
				<posx>10</posx>
				<posy>40</posy>
				<width>40</width>
				<height>40</height>
				<texture></texture>
				<aspectratio>keep</aspectratio>
				<visible>false</visible>
			</control>
			
			<!-- CHANNEL 2 -->
			
			<control type="image">
				<description>Channel 2 Back</description>
				<posx>0</posx>
				<posy>80</posy>
				<width>300</width>
				<height>40</height>
				<texture border="5">button-nofocus.png</texture>
			</control>
			
			<control type="label" id="302">
				<description>Channel 2 Name</description>
				<posx>60</posx>
				<posy>80</posy>
				<width>220</width>
				<height>40</height>
				<label>Channel</label>
				<font>special12</font>
				<align>left</align>
				<aligny>center</aligny>
				<textcolor>blue</textcolor>
			</control>
			
			<control type="label" id="312">
				<description>Channel 2 Number</description>
				<posx>40</posx>
				<posy>80</posy>
				<width>30</width>
				<height>40</height>
				<label>2</label>
				<font>font11</font>
				<align>right</align>
				<aligny>center</aligny>
				<textcolor>blue</textcolor>
			</control>

			<control type="image" id="322">
				<description>Channel 2 Icon</description>
				<posx>10</posx>
				<posy>80</posy>
				<width>40</width>
				<height>40</height>
				<texture></texture>
				<aspectratio>keep</aspectratio>
				<visible>false</visible>
			</control>
			
			<!-- CHANNEL 3 -->
			
			<control type="image">
				<description>Channel 3 Back</description>
				<posx>0</posx>
				<posy>120</posy>
				<width>300</width>
				<height>40</height>
				<texture border="5">button-nofocus.png</texture>
			</control>
			
			<control type="label" id="303">
				<description>Channel 3 Name</description>
				<posx>60</posx>
				<posy>120</posy>
				<width>220</width>
				<height>40</height>
				<label>Channel</label>
				<font>special12</font>
				<align>left</align>
				<aligny>center</aligny>
				<textcolor>blue</textcolor>
			</control>
			
			<control type="label" id="313">
				<description>Channel 3 Number</description>
				<posx>40</posx>
				<posy>120</posy>
				<width>30</width>
				<height>40</height>
				<label>2</label>
				<font>font11</font>
				<align>right</align>
				<aligny>center</aligny>
				<textcolor>blue</textcolor>
			</control>

			<control type="image" id="323">
				<description>Channel 3 Icon</description>
				<posx>10</posx>
				<posy>120</posy>
				<width>40</width>
				<height>40</height>
				<texture></texture>
				<aspectratio>keep</aspectratio>
				<visible>false</visible>
			</control>
			
			<!-- CHANNEL 4 -->
			
			<control type="image">
				<description>Channel 4 Back</description>
				<posx>0</posx>
				<posy>160</posy>
				<width>300</width>
				<height>40</height>
				<texture border="5">button-nofocus.png</texture>
			</control>
			
			<control type="label" id="304">
				<description>Channel 4 Name</description>
				<posx>60</posx>
				<posy>160</posy>
				<width>220</width>
				<height>40</height>
				<label>Channel</label>
				<font>special12</font>
				<align>left</align>
				<aligny>center</aligny>
				<textcolor>blue</textcolor>
			</control>
			
			<control type="label" id="314">
				<description>Channel 4 Number</description>
				<posx>40</posx>
				<posy>160</posy>
				<width>30</width>
				<height>40</height>
				<label>4</label>
				<font>font11</font>
				<align>right</align>
				<aligny>center</aligny>
				<textcolor>blue</textcolor>
			</control>

			<control type="image" id="324">
				<description>Channel 4 Icon</description>
				<posx>10</posx>
				<posy>160</posy>
				<width>40</width>
				<height>40</height>
				<texture></texture>
				<aspectratio>keep</aspectratio>
				<visible>false</visible>
			</control>
			
			<!-- CHANNEL 5 -->
			
			<control type="image">
				<description>Channel 5 Back</description>
				<posx>0</posx>
				<posy>200</posy>
				<width>300</width>
				<height>40</height>
				<texture border="5">button-nofocus.png</texture>
			</control>
			
			<control type="label" id="305">
				<description>Channel 5 Name</description>
				<posx>60</posx>
				<posy>200</posy>
				<width>220</width>
				<height>40</height>
				<label>Channel</label>
				<font>special12</font>
				<align>left</align>
				<aligny>center</aligny>
				<textcolor>blue</textcolor>
			</control>
			
			<control type="label" id="315">
				<description>Channel 5 Number</description>
				<posx>40</posx>
				<posy>200</posy>
				<width>30</width>
				<height>40</height>
				<label>5</label>
				<font>font11</font>
				<align>right</align>
				<aligny>center</aligny>
				<textcolor>blue</textcolor>
			</control>

			<control type="image" id="325">
				<description>Channel 5 Icon</description>
				<posx>10</posx>
				<posy>200</posy>
				<width>40</width>
				<height>40</height>
				<texture></texture>
				<aspectratio>keep</aspectratio>
				<visible>false</visible>
			</control>
			
			<!-- CHANNEL 6 -->
			
			<control type="image">
				<description>Channel 6 Back</description>
				<posx>0</posx>
				<posy>240</posy>
				<width>300</width>
				<height>40</height>
				<texture border="5">button-nofocus.png</texture>
			</control>
			
			<control type="label" id="306">
				<description>Channel 6 Name</description>
				<posx>60</posx>
				<posy>240</posy>
				<width>220</width>
				<height>40</height>
				<label>Channel</label>
				<font>special12</font>
				<align>left</align>
				<aligny>center</aligny>
				<textcolor>blue</textcolor>
			</control>
			
			<control type="label" id="316">
				<description>Channel 6 Number</description>
				<posx>40</posx>
				<posy>240</posy>
				<width>30</width>
				<height>40</height>
				<label>2</label>
				<font>font11</font>
				<align>right</align>
				<aligny>center</aligny>
				<textcolor>blue</textcolor>
			</control>

			<control type="image" id="326">
				<description>Channel 6 Icon</description>
				<posx>10</posx>
				<posy>240</posy>
				<width>40</width>
				<height>40</height>
				<texture></texture>
				<aspectratio>keep</aspectratio>
				<visible>false</visible>
			</control>
        </control>
		
		<!--LISTING HEADER AND TIME INFO-->
		
		<control type="group">
			<posx>400</posx>
			<posy>100</posy>
			<width>785</width>
			<height>500</height>
			
			<control type="image">
				<description>Channel Header</description>
				<posx>0</posx>
				<posy>0</posy>
				<width>785</width>
				<height>40</height>
				<texture border="5">pstvHeader.png</texture>
			</control>
			
			<control type="label" id="101">
				<description>Time 1 Label</description>
				<posx>10</posx>
				<posy>0</posy>
				<width>261</width>
				<height>40</height>
				<label>Time 1</label>
				<font>font12_title</font>
				<align>left</align>
				<aligny>center</aligny>
				<textcolor>blue</textcolor>
			</control>

			<control type="label" id="102">
				<description>Time 2 Label</description>
				<posx>271</posx>
				<posy>0</posy>
				<width>261</width>
				<height>40</height>
				<label>Time 2</label>
				<font>font12_title</font>
				<align>left</align>
				<aligny>center</aligny>
				<textcolor>blue</textcolor>
			</control>

			<control type="label" id="103">
				<description>Time 3 Label</description>
				<posx>550</posx>
				<posy>0</posy>
				<width>261</width>
				<height>40</height>
				<label>Time 2</label>
				<font>font12_title</font>
				<align>left</align>
				<aligny>center</aligny>
				<textcolor>blue</textcolor>
			</control>
		</control>
		
		<!--TIME BAR-->
		
		<control type="image" id="120">
			<posx>400</posx>
			<posy>100</posy>
			<width>20</width>
			<height>300</height>
		</control>
		
		<!--SHOW LISTINGS-->
			
		<control type="group" id="111">
			<posx>400</posx>
			<posy>140</posy>
			<width>785</width>
			<height>40</height>
		</control>

		<control type="group" id="112">
			<posx>400</posx>
			<posy>180</posy>
			<width>785</width>
			<height>40</height>
		</control>

		<control type="group" id="113">
			<posx>400</posx>
			<posy>220</posy>
			<width>785</width>
			<height>40</height>
		</control>

		<control type="group" id="114">
			<posx>400</posx>
			<posy>260</posy>
			<width>785</width>
			<height>40</height>
		</control>

		<control type="group" id="115">
			<posx>400</posx>
			<posy>300</posy>
			<width>785</width>
			<height>40</height>
		</control>
		
		<control type="group" id="116">
			<posx>400</posx>
			<posy>340</posy>
			<width>785</width>
			<height>40</height>
		</control>
		
		<!--HEADER-->
		
		<include>Clock</include>
		
		<!--FOOTER-->
		
		<control type="grouplist">
			<posx>410</posx>
			<posy>420</posy>
			<width>765</width>
			<orientation>vertical</orientation>
			<itemgap>4</itemgap>
		
			<control type="label" id="500">
				<description>Show Name Label</description>
				<width>765</width>
				<height>20</height>
				<font>font18</font>
				<textcolor>white</textcolor>
			</control>
		
			<control type="label" id="501">
				<description>Show Title Label</description>
				<width>765</width>
				<height>20</height>
				<font>font11</font>
				<textcolor>blue</textcolor>
			</control>
		</control>
		
		<control type="label" id="502">
			<description>Show Description Label</description>
			<posx>410</posx>
			<posy>480</posy>
			<width>765</width>
			<height>105</height>
			<font>font11</font>
			<textcolor>grey2</textcolor>
			<align>left</align>
			<wrapmultiline>true</wrapmultiline>
		</control>
		
		<control type="image" id="503">
            <description>Show Channel Icon</description>
            <posx>120</posx>
			<posy>420</posy>
			<width>260</width>
			<height>150</height>
			<aspectratio>scale</aspectratio>
        </control>
    </controls>
</window>
